,epoch,train_acc,validation_acc,train_loss,validation_loss,test_acc_with_4th_bin,test_acc_without_4th_bin,custom_accuracy
0,1,0.00014412864599229876,0.0005102896258119072,5.23960542678833,8.369531631469727,0.8677734209110727,0.4044313381684865,0.7805196461290649
1,2,0.0004200540752181969,0.0006816011430487619,5.172314167022705,8.311899185180664,0.8677734209110727,0.4044313381684865,0.7805196461290649
2,3,0.0003714973656058182,0.02859079874906143,5.127374172210693,8.267004013061523,0.8677734209110727,0.4044313381684865,0.7805196461290649
3,4,0.022656714853420395,0.04870349985784789,5.089217185974121,8.201809883117676,0.8677734209110727,0.4044313381684865,0.7805196461290649
4,5,0.03762836698390384,0.23930396495039255,5.0399017333984375,8.103060722351074,0.8677734209110727,0.4044313381684865,0.7805196461290649
5,6,0.1461202418278287,0.2783520561026994,4.977339267730713,7.968916893005371,0.8677734209110727,0.4044313381684865,0.7805196461290649
6,7,0.183957479737208,0.2918237022241338,4.891584396362305,7.807337284088135,0.8677734209110727,0.4044313381684865,0.7805196461290649
7,8,0.1970816646781538,0.2963871494492517,4.785607814788818,7.6148881912231445,0.8677734209110727,0.4044313381684865,0.7805196461290649
8,9,0.20274738487435373,0.30349839987753047,4.65893030166626,7.395716190338135,0.8677734209110727,0.4044313381684865,0.7805196461290649
9,10,0.20957384165271625,0.31918616094534796,4.505314350128174,7.172571182250977,0.8677734209110727,0.4044313381684865,0.7805196461290649
10,11,0.22180396654365633,0.34283808510172986,4.336971282958984,6.939162731170654,0.8677734209110727,0.4044313381684865,0.7805196461290649
11,12,0.24367529588763207,0.45171202169459895,4.151710033416748,6.709903717041016,0.8677734209110727,0.4044313381684865,0.7805196461290649
12,13,0.32986653841529395,0.5232728518629216,3.9586946964263916,6.4926629066467285,0.8677734209110727,0.4044313381684865,0.7805196461290649
13,14,0.4737685864294016,0.5294728708165363,3.7667958736419678,6.277988433837891,0.8677734209110727,0.4044313381684865,0.7805196461290649
14,15,0.5079178266325074,0.5112300166937607,3.5879600048065186,6.063086986541748,0.8677734209110727,0.4044313381684865,0.7805196461290649
15,16,0.4890415984560508,0.41804019624281036,3.428072214126587,5.862145900726318,0.8677734209110727,0.4044313381684865,0.7805196461290649
16,17,0.35709452064507974,0.26187699104077217,3.2968711853027344,5.695441246032715,0.8677734209110727,0.4044313381684865,0.7805196461290649
17,18,0.23369265298446493,0.18801985755629588,3.2101821899414062,5.577755451202393,0.8677734209110727,0.4044313381684865,0.7805196461290649
18,19,0.12440074854406945,0.17662946412299438,3.1718273162841797,5.489917278289795,0.8677734209110727,0.4044313381684865,0.7805196461290649
19,20,0.10811421154693969,0.31289137391836824,3.12788724899292,5.486372947692871,0.8677734209110727,0.4044313381684865,0.7805196461290649
20,21,0.219218899812864,0.39760674165494214,3.095644235610962,5.576455116271973,0.8677734209110727,0.4044313381684865,0.7805196461290649
21,22,0.3941664123219973,0.3795242642717074,3.0889766216278076,5.592021942138672,0.8677734209110727,0.4044313381684865,0.7805196461290649
22,23,0.35984683826453695,0.3112438674121755,3.0848586559295654,5.5030598640441895,0.8677734209110727,0.4044313381684865,0.7805196461290649
23,24,0.23341364458954936,0.2276001078898066,3.0727429389953613,5.417117118835449,0.8677734209110727,0.4044313381684865,0.7805196461290649
24,25,0.1597061008808033,0.2505959453844303,3.070730686187744,5.363414764404297,0.8677734209110727,0.4044313381684865,0.7805196461290649
25,26,0.17321026134300152,0.2651829388308536,3.0735886096954346,5.381284236907959,0.8677734209110727,0.4044313381684865,0.7805196461290649
26,27,0.1942191310352907,0.3114880774473855,3.0623247623443604,5.485884666442871,0.8677734209110727,0.4044313381684865,0.7805196461290649
27,28,0.2522081741752296,0.31473935134898706,3.0629141330718994,5.5077996253967285,0.8677734209110727,0.4044313381684865,0.7805196461290649
28,29,0.2577991324534549,0.30110732848801186,3.062300443649292,5.385856628417969,0.8677734209110727,0.4044313381684865,0.7805196461290649
29,30,0.22390963210970424,0.27790008529126603,3.050036668777466,5.319693565368652,0.8677734209110727,0.4044313381684865,0.7805196461290649
30,31,0.19808439926872054,0.2892649642432769,3.053539752960205,5.347400188446045,0.8677734209110727,0.4044313381684865,0.7805196461290649
31,32,0.20913528978336,0.3244202745358187,3.0475821495056152,5.431232452392578,0.8677734209110727,0.4044313381684865,0.7805196461290649
32,33,0.24698640103834285,0.33632460252083074,3.0432286262512207,5.49673318862915,0.8677734209110727,0.4044313381684865,0.7805196461290649
33,34,0.2725333962258334,0.31372970687505924,3.0458719730377197,5.452132701873779,0.8677734209110727,0.4044313381684865,0.7805196461290649
34,35,0.24021852060808416,0.3008558286010045,3.0390098094940186,5.363319396972656,0.8677734209110727,0.4044313381684865,0.7805196461290649
35,36,0.219318325456356,0.2978706342900049,3.037860870361328,5.3455891609191895,0.8677734209110727,0.4044313381684865,0.7805196461290649
36,37,0.21611974855331836,0.31017590412386914,3.0376312732696533,5.399725437164307,0.8677734209110727,0.4044313381684865,0.7805196461290649
37,38,0.25722030564521847,0.33659432703733133,3.0318033695220947,5.447597980499268,0.8677734209110727,0.4044313381684865,0.7805196461290649
38,39,0.28327059498154844,0.3343490526837589,3.032979965209961,5.417713165283203,0.8677734209110727,0.4044313381684865,0.7805196461290649
39,40,0.28263935775658755,0.3061519059317524,3.029660701751709,5.35390567779541,0.8677734209110727,0.4044313381684865,0.7805196461290649
40,41,0.2608582051590348,0.2906937751955503,3.026798963546753,5.31511116027832,0.8677734209110727,0.4044313381684865,0.7805196461290649
41,42,0.21386378840989878,0.2969302434081515,3.0269877910614014,5.339963912963867,0.8677734209110727,0.4044313381684865,0.7805196461290649
42,43,0.22090990649365064,0.3321511623668691,3.022643804550171,5.408745765686035,0.8677734209110727,0.4044313381684865,0.7805196461290649
43,44,0.29638707250827007,0.3579608826552556,3.0209498405456543,5.425785064697266,0.8677734209110727,0.4044313381684865,0.7805196461290649
44,45,0.3179824764230199,0.3129351130291521,3.019482374191284,5.387432098388672,0.8677734209110727,0.4044313381684865,0.7805196461290649
45,46,0.23476090059593727,0.31460084416483813,3.0154361724853516,5.3597846031188965,0.8677734209110727,0.4044313381684865,0.7805196461290649
46,47,0.23334350712010926,0.3173090241075399,3.0149636268615723,5.371657848358154,0.8677734209110727,0.4044313381684865,0.7805196461290649
47,48,0.23517555948119853,0.3206805805637971,3.01186203956604,5.418278694152832,0.8677734209110727,0.4044313381684865,0.7805196461290649
48,49,0.24118271812752995,0.3202504793077557,3.009253978729248,5.428554058074951,0.8677734209110727,0.4044313381684865,0.7805196461290649
49,50,0.2433269207646988,0.31592030734015175,3.0077919960021973,5.3765435218811035,0.8677734209110727,0.4044313381684865,0.7805196461290649
50,51,0.23665152930513036,0.31063151986120124,3.0049149990081787,5.337246417999268,0.8677734209110727,0.4044313381684865,0.7805196461290649
51,52,0.2318875765731603,0.3104310489367751,3.004096746444702,5.34182071685791,0.8677734209110727,0.4044313381684865,0.7805196461290649
52,53,0.23275388993195895,0.3211361963011292,3.0026543140411377,5.385042667388916,0.8677734209110727,0.4044313381684865,0.7805196461290649
53,54,0.2411642203333919,0.3293518592767009,3.000617742538452,5.435083389282227,0.8677734209110727,0.4044313381684865,0.7805196461290649
54,55,0.24787660738123646,0.3291003593896936,2.999769449234009,5.429111003875732,0.8677734209110727,0.4044313381684865,0.7805196461290649
55,56,0.24828741255938563,0.32708107044183793,2.997755527496338,5.397822856903076,0.8677734209110727,0.4044313381684865,0.7805196461290649
56,57,0.24687849723920421,0.32945027227596463,2.996318817138672,5.393290042877197,0.8677734209110727,0.4044313381684865,0.7805196461290649
57,58,0.2488500537977513,0.33256668391931593,2.994342565536499,5.410311222076416,0.8677734209110727,0.4044313381684865,0.7805196461290649
58,59,0.2515931225201395,0.34239704906799245,2.991819143295288,5.42403507232666,0.8677734209110727,0.4044313381684865,0.7805196461290649
59,60,0.26513582005345865,0.33344511106089214,2.99078369140625,5.3979034423828125,0.8677734209110727,0.4044313381684865,0.7805196461290649
60,61,0.25322786507708955,0.33288379247249905,2.9890618324279785,5.374391555786133,0.8677734209110727,0.4044313381684865,0.7805196461290649
61,62,0.25249334850152455,0.33532224789870024,2.987884521484375,5.402585029602051,0.8677734209110727,0.4044313381684865,0.7805196461290649
62,63,0.253650231376575,0.3487975389460332,2.9862046241760254,5.4495344161987305,0.8677734209110727,0.4044313381684865,0.7805196461290649
63,64,0.26827196690128036,0.34593262718968926,2.984956979751587,5.466320514678955,0.8677734209110727,0.4044313381684865,0.7805196461290649
64,65,0.262771185369478,0.3431952878397982,2.9838814735412598,5.421425819396973,0.8677734209110727,0.4044313381684865,0.7805196461290649
65,66,0.25918030108242923,0.34342856309731223,2.9820492267608643,5.394450664520264,0.8677734209110727,0.4044313381684865,0.7805196461290649
66,67,0.2581513612835003,0.34841117680077566,2.9809179306030273,5.403520584106445,0.8677734209110727,0.4044313381684865,0.7805196461290649
67,68,0.2647396589623354,0.3604175627109501,2.979269504547119,5.429659366607666,0.8677734209110727,0.4044313381684865,0.7805196461290649
68,69,0.28037646094036617,0.36176254036755434,2.9780805110931396,5.426347732543945,0.8677734209110727,0.4044313381684865,0.7805196461290649
69,70,0.2795849094995422,0.35759639006538996,2.9763376712799072,5.41768741607666,0.8677734209110727,0.4044313381684865,0.7805196461290649
70,71,0.27005392106991244,0.3608585987446875,2.9749112129211426,5.433980464935303,0.8677734209110727,0.4044313381684865,0.7805196461290649
71,72,0.27181275299587193,0.37151636207235905,2.973269462585449,5.464200973510742,0.8677734209110727,0.4044313381684865,0.7805196461290649
72,73,0.286194787938205,0.37347733220583623,2.971550703048706,5.460271835327148,0.8677734209110727,0.4044313381684865,0.7805196461290649
73,74,0.2878950435160607,0.3651851257863928,2.9695632457733154,5.424844264984131,0.8677734209110727,0.4044313381684865,0.7805196461290649
74,75,0.27396928749579946,0.3658667269294415,2.967470407485962,5.416367053985596,0.8677734209110727,0.4044313381684865,0.7805196461290649
75,76,0.27334652842648516,0.3778840476173119,2.965716600418091,5.456457138061523,0.8677734209110727,0.4044313381684865,0.7805196461290649
76,77,0.29060651184012976,0.3815800024785496,2.9635703563690186,5.487544059753418,0.8677734209110727,0.4044313381684865,0.7805196461290649
77,78,0.29364015007876976,0.38101868389015653,2.9614205360412598,5.493942737579346,0.8677734209110727,0.4044313381684865,0.7805196461290649
78,79,0.2909803214300028,0.38458342141904256,2.959179639816284,5.482300281524658,0.8677734209110727,0.4044313381684865,0.7805196461290649
79,80,0.29317693448389615,0.3858883048907616,2.95707368850708,5.544304370880127,0.8677734209110727,0.4044313381684865,0.7805196461290649
80,81,0.29447948748778374,0.38978473067642533,2.954474449157715,5.483096122741699,0.8677734209110727,0.4044313381684865,0.7805196461290649
81,82,0.29869236010272443,0.4093506929004133,2.9535083770751953,5.597095012664795,0.8677734209110727,0.4044313381684865,0.7805196461290649
82,83,0.3653984887302189,0.38417518971839304,2.9555675983428955,5.384063243865967,0.8677734209110727,0.4044313381684865,0.7805196461290649
83,84,0.29307519661613685,0.415794921889238,2.9553561210632324,5.601564884185791,0.8677734209110727,0.4044313381684865,0.7805196461290649
84,85,0.3685585285621356,0.4160865159611305,2.9448838233947754,5.613526821136475,0.8677734209110727,0.4044313381684865,0.7805196461290649
85,86,0.36647059004880334,0.39249655554502577,2.941452980041504,5.443545341491699,0.8677734209110727,0.4044313381684865,0.7805196461290649
86,87,0.30123041160674924,0.4237918893108903,2.9439432621002197,5.616060733795166,0.8677734209110727,0.4044313381684865,0.7805196461290649
87,88,0.36544935766409853,0.41531014674471667,2.9353513717651367,5.614364147186279,0.8677734209110727,0.4044313381684865,0.7805196461290649
88,89,0.3604572654710926,0.3904080130050956,2.9327378273010254,5.449700355529785,0.8677734209110727,0.4044313381684865,0.7805196461290649
89,90,0.3020019237705904,0.4533340137195011,2.9325571060180664,5.586555004119873,0.8677734209110727,0.4044313381684865,0.7805196461290649
90,91,0.40209194636872886,0.41520444389365563,2.926321268081665,5.587867259979248,0.8677734209110727,0.4044313381684865,0.7805196461290649
91,92,0.35860440309159797,0.4016890586614374,2.924335479736328,5.445377826690674,0.8677734209110727,0.4044313381684865,0.7805196461290649
92,93,0.3317587086073319,0.4570518381361307,2.921164035797119,5.559142589569092,0.8677734209110727,0.4044313381684865,0.7805196461290649
93,94,0.4052111369052574,0.42276766513336783,2.9171483516693115,5.587652683258057,0.8677734209110727,0.4044313381684865,0.7805196461290649
94,95,0.367346152304671,0.3817330893662932,2.9133872985839844,5.459769248962402,0.8677734209110727,0.4044313381684865,0.7805196461290649
95,96,0.33896205794125717,0.4490512257885797,2.91139817237854,5.489902019500732,0.8677734209110727,0.4044313381684865,0.7805196461290649
96,97,0.40431553537240683,0.4455849012589574,2.9068570137023926,5.499000549316406,0.8677734209110727,0.4044313381684865,0.7805196461290649
97,98,0.40527896215043024,0.3655933574870423,2.903203010559082,5.4276041984558105,0.8677734209110727,0.4044313381684865,0.7805196461290649
98,99,0.3409983567792874,0.43992797626424257,2.901219367980957,5.478506088256836,0.8677734209110727,0.4044313381684865,0.7805196461290649
99,100,0.4030569146295971,0.4401576065958579,2.895906448364258,5.442718505859375,0.8677734209110727,0.4044313381684865,0.7805196461290649
100,101,0.40639576647151493,0.387051036252433,2.892756700515747,5.400991439819336,0.8677734209110727,0.4044313381684865,0.7805196461290649
101,102,0.3826823651279585,0.4153502409296019,2.8894922733306885,5.467093467712402,0.8677734209110727,0.4044313381684865,0.7805196461290649
102,103,0.41427351455005657,0.4218163394738185,2.88666033744812,5.336551666259766,0.8677734209110727,0.4044313381684865,0.7805196461290649
103,104,0.4026283823987323,0.42451358463882427,2.8830432891845703,5.368626117706299,0.8677734209110727,0.4044313381684865,0.7805196461290649
104,105,0.41317135431599783,0.3930432944298242,2.87895131111145,5.3949875831604,0.8677734209110727,0.4044313381684865,0.7805196461290649
105,106,0.40392554021266297,0.39861638612887,2.8762612342834473,5.344685077667236,0.8677734209110727,0.4044313381684865,0.7805196461290649
106,107,0.39931034057521975,0.4411344467366978,2.873490571975708,5.410336017608643,0.8677734209110727,0.4044313381684865,0.7805196461290649
107,108,0.4295997077348526,0.3697011889748281,2.8718738555908203,5.285260200500488,0.8677734209110727,0.4044313381684865,0.7805196461290649
108,109,0.380354726032254,0.43320308798122137,2.8710122108459473,5.4274420738220215,0.8677734209110727,0.4044313381684865,0.7805196461290649
109,110,0.4385503278734011,0.3907834403726572,2.8700144290924072,5.2420454025268555,0.8677734209110727,0.4044313381684865,0.7805196461290649
110,111,0.39186266621038773,0.4309651034794463,2.8675785064697266,5.39097785949707,0.8677734209110727,0.4044313381684865,0.7805196461290649
111,112,0.4326595511818549,0.39488762693454443,2.862253189086914,5.336670875549316,0.8677734209110727,0.4044313381684865,0.7805196461290649
112,113,0.40616993923474626,0.4083702078336747,2.858661651611328,5.305691242218018,0.8677734209110727,0.4044313381684865,0.7805196461290649
113,114,0.4102749080505483,0.4432047646471347,2.8568942546844482,5.3932037353515625,0.8677734209110727,0.4044313381684865,0.7805196461290649
114,115,0.4427608882640745,0.37383089001800596,2.8570027351379395,5.26930570602417,0.8677734209110727,0.4044313381684865,0.7805196461290649
115,116,0.3890864556068355,0.4317815668807453,2.8565287590026855,5.387265205383301,0.8677734209110727,0.4044313381684865,0.7805196461290649
116,117,0.44018275820608394,0.4225198101722592,2.853178024291992,5.296859264373779,0.8677734209110727,0.4044313381684865,0.7805196461290649
117,118,0.41962014779737516,0.4100833230060433,2.849757194519043,5.318055629730225,0.8677734209110727,0.4044313381684865,0.7805196461290649
118,119,0.41879622521680954,0.4229790708354899,2.8476414680480957,5.391679763793945,0.8677734209110727,0.4044313381684865,0.7805196461290649
119,120,0.43791909064844015,0.4025674858030136,2.847608804702759,5.272375106811523,0.8677734209110727,0.4044313381684865,0.7805196461290649
120,121,0.4082355262468284,0.4524883909110128,2.8472423553466797,5.392566204071045,0.8677734209110727,0.4044313381684865,0.7805196461290649
121,122,0.4516583272444761,0.4005992258177391,2.845646858215332,5.2994256019592285,0.8677734209110727,0.4044313381684865,0.7805196461290649
122,123,0.41324611623397245,0.4288838507913134,2.842848777770996,5.347417831420898,0.8677734209110727,0.4044313381684865,0.7805196461290649
123,124,0.4332830809925916,0.4473526903198058,2.840200901031494,5.366249084472656,0.8677734209110727,0.4044313381684865,0.7805196461290649
124,125,0.4426483600164014,0.41856142064631824,2.8392112255096436,5.307399749755859,0.8677734209110727,0.4044313381684865,0.7805196461290649
125,126,0.4184393719382297,0.4488179505310657,2.838841199874878,5.4111151695251465,0.8677734209110727,0.4044313381684865,0.7805196461290649
126,127,0.4499711742708015,0.42651100403128805,2.837918519973755,5.301307678222656,0.8677734209110727,0.4044313381684865,0.7805196461290649
127,128,0.4242885285929653,0.44682782099039925,2.8358402252197266,5.3578972816467285,0.8677734209110727,0.4044313381684865,0.7805196461290649
128,129,0.4430892241100249,0.44507096670724683,2.8336031436920166,5.372000217437744,0.8677734209110727,0.4044313381684865,0.7805196461290649
129,130,0.44288266540881666,0.4299080749688359,2.8323793411254883,5.324080467224121,0.8677734209110727,0.4044313381684865,0.7805196461290649
130,131,0.42656992320332465,0.4588269170487764,2.831883430480957,5.424222469329834,0.8677734209110727,0.4044313381684865,0.7805196461290649
131,132,0.4540545623267759,0.4353572391873273,2.830995798110962,5.3365478515625,0.8677734209110727,0.4044313381684865,0.7805196461290649
132,133,0.42812682087661047,0.45221502146861353,2.82934832572937,5.3860626220703125,0.8677734209110727,0.4044313381684865,0.7805196461290649
133,134,0.44687895968405766,0.45160267391763925,2.827258586883545,5.368188381195068,0.8677734209110727,0.4044313381684865,0.7805196461290649
134,135,0.4455941337328857,0.4437952426427171,2.8259453773498535,5.339869976043701,0.8677734209110727,0.4044313381684865,0.7805196461290649
135,136,0.4360592915961438,0.4592606632307165,2.825033664703369,5.414185523986816,0.8677734209110727,0.4044313381684865,0.7805196461290649
136,137,0.45515055662945525,0.44418160478797464,2.8242454528808594,5.32963228225708,0.8677734209110727,0.4044313381684865,0.7805196461290649
137,138,0.43612865832416153,0.4592424386012232,2.82307767868042,5.410759449005127,0.8677734209110727,0.4044313381684865,0.7805196461290649
138,139,0.45565770448540677,0.44790671905640156,2.8215484619140625,5.348708629608154,0.8677734209110727,0.4044313381684865,0.7805196461290649
139,140,0.4414406082074713,0.4552585345939917,2.8200316429138184,5.370210647583008,0.8677734209110727,0.4044313381684865,0.7805196461290649
140,141,0.450080619552785,0.45614060666146655,2.81857967376709,5.371300220489502,0.8677734209110727,0.4044313381684865,0.7805196461290649
141,142,0.45125522948055113,0.449896848597068,2.817431688308716,5.344522953033447,0.8677734209110727,0.4044313381684865,0.7805196461290649
142,143,0.44317015195937887,0.46243539368844633,2.8164443969726562,5.41436767578125,0.8677734209110727,0.4044313381684865,0.7805196461290649
143,144,0.4583730265165879,0.4475422264665359,2.815676212310791,5.3140153884887695,0.8677734209110727,0.4044313381684865,0.7805196461290649
144,145,0.4392131654966812,0.467075384357436,2.8150382041931152,5.43550443649292,0.8677734209110727,0.4044313381684865,0.7805196461290649
145,146,0.4658253253299544,0.4418160478797466,2.8146631717681885,5.277226448059082,0.8677734209110727,0.4044313381684865,0.7805196461290649
146,147,0.433488098210955,0.4714711649912157,2.814415216445923,5.4471845626831055,0.8677734209110727,0.4044313381684865,0.7805196461290649
147,148,0.4709122187179179,0.44280746772418117,2.8136208057403564,5.2715325355529785,0.8677734209110727,0.4044313381684865,0.7805196461290649
148,149,0.4342495907363047,0.4684823257543174,2.8122501373291016,5.436522483825684,0.8677734209110727,0.4044313381684865,0.7805196461290649
149,150,0.46698452042927213,0.4527070864649322,2.809950113296509,5.324630260467529,0.8677734209110727,0.4044313381684865,0.7805196461290649
150,151,0.44571591087762785,0.460518162665753,2.80759334564209,5.3694586753845215,0.8677734209110727,0.4044313381684865,0.7805196461290649
151,152,0.45582572611549405,0.46399906689896997,2.805814027786255,5.39042329788208,0.8677734209110727,0.4044313381684865,0.7805196461290649
152,153,0.46046019428849777,0.45177034050897746,2.8049893379211426,5.298577308654785,0.8677734209110727,0.4044313381684865,0.7805196461290649
153,154,0.4443832989582659,0.47307493238662457,2.804743766784668,5.42962646484375,0.8677734209110727,0.4044313381684865,0.7805196461290649
154,155,0.47082435419576213,0.44866486364332214,2.8044817447662354,5.271721363067627,0.8677734209110727,0.4044313381684865,0.7805196461290649
155,156,0.44031147202362786,0.4745511273755805,2.8037843704223633,5.438424110412598,0.8677734209110727,0.4044313381684865,0.7805196461290649
156,157,0.47199433967499377,0.45438375237831413,2.802415370941162,5.296873092651367,0.8677734209110727,0.4044313381684865,0.7805196461290649
157,158,0.44626005432185545,0.4703849770734161,2.80051326751709,5.39941930770874,0.8677734209110727,0.4044313381684865,0.7805196461290649
158,159,0.4651339702740448,0.46394074808459146,2.7985217571258545,5.347288608551025,0.8677734209110727,0.4044313381684865,0.7805196461290649
159,160,0.4568870370541646,0.4635653207170298,2.7969939708709717,5.329212665557861,0.8677734209110727,0.4044313381684865,0.7805196461290649
160,161,0.45625040463924676,0.4728817513139958,2.7960290908813477,5.388065338134766,0.8677734209110727,0.4044313381684865,0.7805196461290649
161,162,0.4681406325629002,0.45750016402166543,2.7954492568969727,5.281854152679443,0.8677734209110727,0.4044313381684865,0.7805196461290649
162,163,0.44938232782407367,0.4781049301267705,2.795116662979126,5.421229362487793,0.8677734209110727,0.4044313381684865,0.7805196461290649
163,164,0.4753686456223429,0.45495236081850454,2.794764995574951,5.253054618835449,0.8677734209110727,0.4044313381684865,0.7805196461290649
164,165,0.44583075134956823,0.4811848925111353,2.7944235801696777,5.442970275878906,0.8677734209110727,0.4044313381684865,0.7805196461290649
165,166,0.478766844553787,0.4549450709667072,2.7937889099121094,5.247847080230713,0.8677734209110727,0.4044313381684865,0.7805196461290649
166,167,0.4451894944861159,0.48168789228514985,2.7928054332733154,5.4277215003967285,0.8677734209110727,0.4044313381684865,0.7805196461290649
167,168,0.4782620089221027,0.46168453895332306,2.791102170944214,5.274761199951172,0.8677734209110727,0.4044313381684865,0.7805196461290649
168,169,0.4527327407873278,0.47727388702187684,2.7890987396240234,5.381155490875244,0.8677734209110727,0.4044313381684865,0.7805196461290649
169,170,0.4714694647663266,0.4705526436647543,2.7871346473693848,5.324176788330078,0.8677734209110727,0.4044313381684865,0.7805196461290649
170,171,0.46303369989795384,0.47183565758108137,2.7856037616729736,5.327289581298828,0.8677734209110727,0.4044313381684865,0.7805196461290649
171,172,0.4643393358675311,0.47773314768510755,2.7844693660736084,5.371336936950684,0.8677734209110727,0.4044313381684865,0.7805196461290649
172,173,0.47151725073451656,0.4678371738702552,2.7836005687713623,5.293026447296143,0.8677734209110727,0.4044313381684865,0.7805196461290649
173,174,0.45781886343386885,0.4865210640267683,2.7829995155334473,5.428656101226807,0.8677734209110727,0.4044313381684865,0.7805196461290649
174,175,0.48016188652836483,0.46099929288437563,2.7827675342559814,5.246299743652344,0.8677734209110727,0.4044313381684865,0.7805196461290649
175,176,0.4470608546597485,0.5008674923638803,2.7837326526641846,5.538614749908447,0.8677734209110727,0.4044313381684865,0.7805196461290649
176,177,0.49467109380539703,0.4454135897417206,2.7870302200317383,5.154855251312256,0.8677734209110727,0.4044313381684865,0.7805196461290649
177,178,0.4255864571483184,0.5121485380202221,2.7937469482421875,5.621006488800049,0.8677734209110727,0.4044313381684865,0.7805196461290649
178,179,0.5077683027965582,0.4565342586585215,2.794844627380371,5.18435001373291,0.8677734209110727,0.4044313381684865,0.7805196461290649
179,180,0.4376840145146025,0.4860326439563484,2.785405397415161,5.367171764373779,0.8677734209110727,0.4044313381684865,0.7805196461290649
180,181,0.47451543486772535,0.5031419261246419,2.7748470306396484,5.503308296203613,0.8677734209110727,0.4044313381684865,0.7805196461290649
181,182,0.49272265948952254,0.4551054477062481,2.7788567543029785,5.185703277587891,0.8677734209110727,0.4044313381684865,0.7805196461290649
182,183,0.4315797424490463,0.5067248882830212,2.786284923553467,5.5399298667907715,0.8677734209110727,0.4044313381684865,0.7805196461290649
183,184,0.4963805982803217,0.48220911668865774,2.7795302867889404,5.31626033782959,0.8677734209110727,0.4044313381684865,0.7805196461290649
184,185,0.4663317024444835,0.4702355351115712,2.770918846130371,5.233892917633057,0.8677734209110727,0.4044313381684865,0.7805196461290649
185,186,0.4507110860363235,0.5086457642316131,2.7738258838653564,5.546276569366455,0.8677734209110727,0.4044313381684865,0.7805196461290649
186,187,0.49771706390679576,0.4719850995429263,2.7772655487060547,5.26198673248291,0.8677734209110727,0.4044313381684865,0.7805196461290649
187,188,0.4499657790808446,0.48773482435102095,2.7716543674468994,5.351183891296387,0.8677734209110727,0.4044313381684865,0.7805196461290649
188,189,0.4685344814297562,0.5059959031032899,2.76700496673584,5.499904155731201,0.8677734209110727,0.4044313381684865,0.7805196461290649
189,190,0.4914278138998591,0.46972889041165794,2.770517349243164,5.226006031036377,0.8677734209110727,0.4044313381684865,0.7805196461290649
190,191,0.4444919734988269,0.4989429714893896,2.7714154720306396,5.418660640716553,0.8677734209110727,0.4044313381684865,0.7805196461290649
191,192,0.48220589278061926,0.49902680478505873,2.7654409408569336,5.409311771392822,0.8677734209110727,0.4044313381684865,0.7805196461290649
192,193,0.481454419893761,0.4760564817717256,2.7641494274139404,5.245232582092285,0.8677734209110727,0.4044313381684865,0.7805196461290649
193,194,0.4502124163360186,0.5080735108655241,2.767052412033081,5.483946323394775,0.8677734209110727,0.4044313381684865,0.7805196461290649
194,195,0.4903541710984298,0.4898816857053296,2.7650840282440186,5.322673320770264,0.8677734209110727,0.4044313381684865,0.7805196461290649
195,196,0.4682076870666506,0.4851833762219614,2.760824680328369,5.28162145614624,0.8677734209110727,0.4044313381684865,0.7805196461290649
196,197,0.46291963016743587,0.5067540476902105,2.7608516216278076,5.451365947723389,0.8677734209110727,0.4044313381684865,0.7805196461290649
197,198,0.49050523641722393,0.4826246382411046,2.7622365951538086,5.2578511238098145,0.8677734209110727,0.4044313381684865,0.7805196461290649
198,199,0.4589048380980568,0.4970840592810748,2.7601606845855713,5.352414131164551,0.8677734209110727,0.4044313381684865,0.7805196461290649
199,200,0.477367948872097,0.5037579186015149,2.7572102546691895,5.4089860916137695,0.8677734209110727,0.4044313381684865,0.7805196461290649
200,201,0.48525417510628527,0.4834228770129103,2.757398843765259,5.257355213165283,0.8677734209110727,0.4044313381684865,0.7805196461290649
201,202,0.45774564299873904,0.5059849683255939,2.7582473754882812,5.421258926391602,0.8677734209110727,0.4044313381684865,0.7805196461290649
202,203,0.4882492762738043,0.49370885789891894,2.75646710395813,5.3055338859558105,0.8677734209110727,0.4044313381684865,0.7805196461290649
203,204,0.472200898376202,0.4925461265372475,2.753994941711426,5.297347545623779,0.8677734209110727,0.4044313381684865,0.7805196461290649
204,205,0.4700459053591193,0.5069873229477245,2.7533576488494873,5.42059326171875,0.8677734209110727,0.4044313381684865,0.7805196461290649
205,206,0.48864620810635,0.4878915561646632,2.7538228034973145,5.263732433319092,0.8677734209110727,0.4044313381684865,0.7805196461290649
206,207,0.46307994438329897,0.5054236497372009,2.7532830238342285,5.392807483673096,0.8677734209110727,0.4044313381684865,0.7805196461290649
207,208,0.4867979701753899,0.4968434941717635,2.7513225078582764,5.320653915405273,0.8677734209110727,0.4044313381684865,0.7805196461290649
208,209,0.47561451213609446,0.49431027067219724,2.7496674060821533,5.2992424964904785,0.8677734209110727,0.4044313381684865,0.7805196461290649
209,210,0.47234733924646155,0.5067613375420078,2.7491037845611572,5.394739151000977,0.8677734209110727,0.4044313381684865,0.7805196461290649
210,211,0.48853213837583204,0.49016234499952616,2.749135732650757,5.26161003112793,0.8677734209110727,0.4044313381684865,0.7805196461290649
211,212,0.4663162876160351,0.5073080764268062,2.748762369155884,5.391423225402832,0.8677734209110727,0.4044313381684865,0.7805196461290649
212,213,0.48929517238402653,0.4949845819634487,2.7475087642669678,5.285384178161621,0.8677734209110727,0.4044313381684865,0.7805196461290649
213,214,0.47354044696836567,0.5004847751445213,2.7459964752197266,5.327861309051514,0.8677734209110727,0.4044313381684865,0.7805196461290649
214,215,0.4809842676260856,0.5031237014951486,2.744755506515503,5.351562976837158,0.8677734209110727,0.4044313381684865,0.7805196461290649
215,216,0.48410577038688135,0.49435036485708245,2.744154691696167,5.277046203613281,0.8677734209110727,0.4044313381684865,0.7805196461290649
216,217,0.4720922238356409,0.5085327715287549,2.743911027908325,5.38625955581665,0.8677734209110727,0.4044313381684865,0.7805196461290649
217,218,0.4918154968353357,0.4911537648439607,2.743664264678955,5.2390289306640625,0.8677734209110727,0.4044313381684865,0.7805196461290649
218,219,0.46851675437704055,0.5090430611545668,2.743255138397217,5.372002124786377,0.8677734209110727,0.4044313381684865,0.7805196461290649
219,220,0.49250068595986596,0.4945945748922924,2.7421820163726807,5.258262634277344,0.8677734209110727,0.4044313381684865,0.7805196461290649
220,221,0.4728236574455163,0.5048477514452131,2.740807056427002,5.334959983825684,0.8677734209110727,0.4044313381684865,0.7805196461290649
221,222,0.4864418876382325,0.5011773110652661,2.739492893218994,5.296848773956299,0.8677734209110727,0.4044313381684865,0.7805196461290649
222,223,0.48107213214824135,0.5010059995480292,2.7385640144348145,5.295760631561279,0.8677734209110727,0.4044313381684865,0.7805196461290649
223,224,0.4808940908796626,0.5045707370769152,2.7377305030822754,5.326535224914551,0.8677734209110727,0.4044313381684865,0.7805196461290649
224,225,0.4860935125152992,0.4975907039809881,2.7371621131896973,5.261480808258057,0.8677734209110727,0.4044313381684865,0.7805196461290649
225,226,0.47578407524902655,0.5093929740408377,2.736757755279541,5.355091571807861,0.8677734209110727,0.4044313381684865,0.7805196461290649
226,227,0.49241821662766716,0.4928632350904306,2.736375570297241,5.225180625915527,0.8677734209110727,0.4044313381684865,0.7805196461290649
227,228,0.46967594947635827,0.5138470734889959,2.7364206314086914,5.384100437164307,0.8677734209110727,0.4044313381684865,0.7805196461290649
228,229,0.49835832077024816,0.4887481137508474,2.7365245819091797,5.189521312713623,0.8677734209110727,0.4044313381684865,0.7805196461290649
229,230,0.4643347114189966,0.5167812388374144,2.7368690967559814,5.407895565032959,0.8677734209110727,0.4044313381684865,0.7805196461290649
230,231,0.5017256900447955,0.48714799128133723,2.7364797592163086,5.184518814086914,0.8677734209110727,0.4044313381684865,0.7805196461290649
231,232,0.4627146129490725,0.5157861740670813,2.7359139919281006,5.3975510597229,0.8677734209110727,0.4044313381684865,0.7805196461290649
232,233,0.5001633971815528,0.4928741698681266,2.734283447265625,5.215382099151611,0.8677734209110727,0.4044313381684865,0.7805196461290649
233,234,0.4695495478830816,0.509677278260933,2.732451915740967,5.341122627258301,0.8677734209110727,0.4044313381684865,0.7805196461290649
234,235,0.4914070038814538,0.5005904779955823,2.7305243015289307,5.267789363861084,0.8677734209110727,0.4044313381684865,0.7805196461290649
235,236,0.48005167050495895,0.5025988321657421,2.729238510131836,5.271831512451172,0.8677734209110727,0.4044313381684865,0.7805196461290649
236,237,0.4823615825479478,0.5087186627495863,2.72849702835083,5.318231582641602,0.8677734209110727,0.4044313381684865,0.7805196461290649
237,238,0.49007285047924704,0.4962712408056744,2.7280921936035156,5.2224016189575195,0.8677734209110727,0.4044313381684865,0.7805196461290649
238,239,0.4734911195173309,0.5146380224090045,2.7281076908111572,5.353665351867676,0.8677734209110727,0.4044313381684865,0.7805196461290649
239,240,0.49746348997882,0.4918426558388068,2.7282538414001465,5.1732659339904785,0.8677734209110727,0.4044313381684865,0.7805196461290649
240,241,0.46711092202254884,0.5202949474037193,2.7287988662719727,5.3932061195373535,0.8677734209110727,0.4044313381684865,0.7805196461290649
241,242,0.5038221067137744,0.4875598679078854,2.7293002605438232,5.148921966552734,0.8677734209110727,0.4044313381684865,0.7805196461290649
242,243,0.4608948924507419,0.5227625622371097,2.7297332286834717,5.4139723777771,0.8677734209110727,0.4044313381684865,0.7805196461290649
243,244,0.5060164075434005,0.4899691639268974,2.728921890258789,5.1593122482299805,0.8677734209110727,0.4044313381684865,0.7805196461290649
244,245,0.46376050905929467,0.5173352675740103,2.7275094985961914,5.365901947021484,0.8677734209110727,0.4044313381684865,0.7805196461290649
245,246,0.4989779968738728,0.4999817753705067,2.7248618602752686,5.223549842834473,0.8677734209110727,0.4044313381684865,0.7805196461290649
246,247,0.476528611463083,0.5069034896520553,2.7225117683410645,5.265294075012207,0.8677734209110727,0.4044313381684865,0.7805196461290649
247,248,0.48502757712809413,0.513209211456731,2.7211952209472656,5.310916423797607,0.8677734209110727,0.4044313381684865,0.7805196461290649
248,249,0.49269028834978096,0.49717518242854125,2.7211461067199707,5.1817708015441895,0.8677734209110727,0.4044313381684865,0.7805196461290649
249,250,0.4716922090374056,0.5210603818424372,2.7218849658966064,5.358600616455078,0.8677734209110727,0.4044313381684865,0.7805196461290649
250,251,0.5026706190286808,0.4913979748791707,2.7226057052612305,5.133998870849609,0.8677734209110727,0.4044313381684865,0.7805196461290649
251,252,0.46457826570848093,0.5231890185672525,2.7230920791625977,5.3708577156066895,0.8677734209110727,0.4044313381684865,0.7805196461290649
252,253,0.5047801383018409,0.49501009644473926,2.7222394943237305,5.154740810394287,0.8677734209110727,0.4044313381684865,0.7805196461290649
253,254,0.4680967003018223,0.5186984698601077,2.7207648754119873,5.339201927185059,0.8677734209110727,0.4044313381684865,0.7805196461290649
254,255,0.49768623424989905,0.5052013092573828,2.7185099124908447,5.230109214782715,0.8677734209110727,0.4044313381684865,0.7805196461290649
255,256,0.48010099795599376,0.5096116695947571,2.7167134284973145,5.254977703094482,0.8677734209110727,0.4044313381684865,0.7805196461290649
256,257,0.485498500137192,0.5160631884353791,2.7157764434814453,5.302464008331299,0.8677734209110727,0.4044313381684865,0.7805196461290649
257,258,0.4936729836633648,0.5010132893998265,2.7157392501831055,5.182079792022705,0.8677734209110727,0.4044313381684865,0.7805196461290649
258,259,0.4742364264728098,0.5223689102400548,2.716113328933716,5.334423065185547,0.8677734209110727,0.4044313381684865,0.7805196461290649
259,260,0.5012979285553532,0.4974631315745351,2.716338634490967,5.141500473022461,0.8677734209110727,0.4044313381684865,0.7805196461290649
260,261,0.47045285683015636,0.522813591199691,2.716322898864746,5.327289581298828,0.8677734209110727,0.4044313381684865,0.7805196461290649
261,262,0.5024995144329039,0.5002186955539194,2.7155275344848633,5.1541852951049805,0.8677734209110727,0.4044313381684865,0.7805196461290649
262,263,0.4739558765950494,0.5188807161550406,2.7142276763916016,5.292633533477783,0.8677734209110727,0.4044313381684865,0.7805196461290649
263,264,0.49688851687769564,0.507067511317495,2.7127950191497803,5.203906059265137,0.8677734209110727,0.4044313381684865,0.7805196461290649
264,265,0.48175423830708186,0.5129941608287103,2.7116291522979736,5.238870143890381,0.8677734209110727,0.4044313381684865,0.7805196461290649
265,266,0.4887063259372986,0.515523739402378,2.710747241973877,5.253273963928223,0.8677734209110727,0.4044313381684865,0.7805196461290649
266,267,0.49123204557856476,0.5069618084664339,2.7103288173675537,5.195854187011719,0.8677734209110727,0.4044313381684865,0.7805196461290649
267,268,0.4804979297885394,0.5204079401065776,2.710127115249634,5.291086196899414,0.8677734209110727,0.4044313381684865,0.7805196461290649
268,269,0.49699487919398944,0.5038235272676906,2.71010684967041,5.153578281402588,0.8677734209110727,0.4044313381684865,0.7805196461290649
269,270,0.4770434667332587,0.5236227647491927,2.709974765777588,5.2924370765686035,0.8677734209110727,0.4044313381684865,0.7805196461290649
270,271,0.500975758640782,0.5027081799427018,2.709652900695801,5.143894195556641,0.8677734209110727,0.4044313381684865,0.7805196461290649
271,272,0.47496786008268516,0.5239252935987811,2.7092607021331787,5.2858991622924805,0.8677734209110727,0.4044313381684865,0.7805196461290649
272,273,0.500607344240866,0.5057589829198772,2.70847749710083,5.142502784729004,0.8677734209110727,0.4044313381684865,0.7805196461290649
273,274,0.4781949544183523,0.5220991857235543,2.7079010009765625,5.262343883514404,0.8677734209110727,0.4044313381684865,0.7805196461290649
274,275,0.49796061819628007,0.5083250107525314,2.7069571018218994,5.158820629119873,0.8677734209110727,0.4044313381684865,0.7805196461290649
275,276,0.48118003594737996,0.5198174621109953,2.7060916423797607,5.236335754394531,0.8677734209110727,0.4044313381684865,0.7805196461290649
276,277,0.4952468376479438,0.5111571181757875,2.705383539199829,5.178196430206299,0.8677734209110727,0.4044313381684865,0.7805196461290649
277,278,0.4848657214293862,0.5166864707640494,2.7046313285827637,5.219487190246582,0.8677734209110727,0.4044313381684865,0.7805196461290649
278,279,0.49167676337930033,0.5135263200099142,2.704136610031128,5.18172025680542,0.8677734209110727,0.4044313381684865,0.7805196461290649
279,280,0.48802190755419084,0.5165188041727111,2.703484296798706,5.195013046264648,0.8677734209110727,0.4044313381684865,0.7805196461290649
280,281,0.4908744215585625,0.5149988700729714,2.703010320663452,5.189328670501709,0.8677734209110727,0.4044313381684865,0.7805196461290649
281,282,0.4887587363540231,0.5161616014346428,2.702514886856079,5.192241191864014,0.8677734209110727,0.4044313381684865,0.7805196461290649
282,283,0.48983469137971963,0.5162928187669945,2.7019758224487305,5.182834625244141,0.8677734209110727,0.4044313381684865,0.7805196461290649
283,284,0.490243955075024,0.5153050438484585,2.7015843391418457,5.178828239440918,0.8677734209110727,0.4044313381684865,0.7805196461290649
284,285,0.4897344949948052,0.5164203911734474,2.7011568546295166,5.181382179260254,0.8677734209110727,0.4044313381684865,0.7805196461290649
285,286,0.491144181056409,0.5146453122608018,2.700669765472412,5.164956092834473,0.8677734209110727,0.4044313381684865,0.7805196461290649
286,287,0.4892250349145864,0.5181152817163227,2.7001936435699463,5.19479513168335,0.8677734209110727,0.4044313381684865,0.7805196461290649
287,288,0.49293307189784286,0.5110659950283211,2.6997644901275635,5.142103672027588,0.8677734209110727,0.4044313381684865,0.7805196461290649
288,289,0.48526419474477667,0.5237065980448617,2.6995322704315186,5.21712064743042,0.8677734209110727,0.4044313381684865,0.7805196461290649
289,290,0.49921923893908987,0.5050846716286258,2.6996054649353027,5.086857318878174,0.8677734209110727,0.4044313381684865,0.7805196461290649
290,291,0.4766634912120063,0.534579412000554,2.7003567218780518,5.323535919189453,0.8677734209110727,0.4044313381684865,0.7805196461290649
291,292,0.5118948523721879,0.4847058909292374,2.7034246921539307,4.981725215911865,0.8677734209110727,0.4044313381684865,0.7805196461290649
292,293,0.45274738487435373,0.5546082798136713,2.711463212966919,5.520626068115234,0.8677734209110727,0.4044313381684865,0.7805196461290649
293,294,0.5380283817821392,0.45470086093149725,2.724950075149536,4.8832478523254395,0.8677734209110727,0.4044313381684865,0.7805196461290649
294,295,0.4202922343177243,0.5512294335056168,2.7380480766296387,5.437222003936768,0.8677734209110727,0.4044313381684865,0.7805196461290649
295,296,0.5308512376565762,0.5150972830722351,2.717057704925537,5.1198344230651855,0.8677734209110727,0.4044313381684865,0.7805196461290649
296,297,0.4860110431831004,0.4863716220649234,2.6972298622131348,5.014782428741455,0.8677734209110727,0.4044313381684865,0.7805196461290649
297,298,0.4541139094163021,0.550092216625236,2.707386016845703,5.511131286621094,0.8677734209110727,0.4044313381684865,0.7805196461290649
298,299,0.5311040408431295,0.4870422884302762,2.7190325260162354,4.973361968994141,0.8677734209110727,0.4044313381684865,0.7805196461290649
299,300,0.45684618775877645,0.5162891738410958,2.706871271133423,5.081272602081299,0.8677734209110727,0.4044313381684865,0.7805196461290649
300,301,0.4894177202701911,0.5450804435145834,2.696678638458252,5.335965156555176,0.8677734209110727,0.4044313381684865,0.7805196461290649
301,302,0.5231607797436822,0.48464392718896027,2.706371307373047,4.983152866363525,0.8677734209110727,0.4044313381684865,0.7805196461290649
302,303,0.4530749499788817,0.525295785736676,2.7067465782165527,5.20845365524292,0.8677734209110727,0.4044313381684865,0.7805196461290649
303,304,0.4986365584237413,0.5378780699388381,2.695373058319092,5.276607990264893,0.8677734209110727,0.4044313381684865,0.7805196461290649
304,305,0.5136097520370696,0.49112096051087284,2.6988303661346436,4.956860065460205,0.8677734209110727,0.4044313381684865,0.7805196461290649
305,306,0.45930562363771454,0.5320243189455959,2.70418119430542,5.18487548828125,0.8677734209110727,0.4044313381684865,0.7805196461290649
306,307,0.5060310516304264,0.5338613615985187,2.6956779956817627,5.226828098297119,0.8677734209110727,0.4044313381684865,0.7805196461290649
307,308,0.5090007183310057,0.49148180817483983,2.695204734802246,5.0153584480285645,0.8677734209110727,0.4044313381684865,0.7805196461290649
308,309,0.46273311074321055,0.5295749287416986,2.700571060180664,5.247243404388428,0.8677734209110727,0.4044313381684865,0.7805196461290649
309,310,0.5049797603302473,0.5272604007960519,2.6944897174835205,5.190901756286621,0.8677734209110727,0.4044313381684865,0.7805196461290649
310,311,0.5013295289536722,0.5005285142553052,2.692195177078247,5.001066207885742,0.8677734209110727,0.4044313381684865,0.7805196461290649
311,312,0.47062241994308845,0.5311458918040196,2.696087121963501,5.176604270935059,0.8677734209110727,0.4044313381684865,0.7805196461290649
312,313,0.5041735648023973,0.526961516872362,2.6925642490386963,5.178576469421387,0.8677734209110727,0.4044313381684865,0.7805196461290649
313,314,0.5008925185671609,0.5019026513190987,2.690586566925049,5.061398983001709,0.8677734209110727,0.4044313381684865,0.7805196461290649
314,315,0.47318513517263067,0.529009965227407,2.6937780380249023,5.225339889526367,0.8677734209110727,0.4044313381684865,0.7805196461290649
315,316,0.5039230738401113,0.524329880373532,2.691192388534546,5.135210990905762,0.8677734209110727,0.4044313381684865,0.7805196461290649
316,317,0.4982958907150322,0.5104317779219548,2.6891398429870605,5.03223180770874,0.8677734209110727,0.4044313381684865,0.7805196461290649
317,318,0.4825003160039832,0.5306027978451198,2.6911027431488037,5.183282375335693,0.8677734209110727,0.4044313381684865,0.7805196461290649
318,319,0.5057589799083126,0.5209801934726667,2.6897530555725098,5.1383771896362305,0.8677734209110727,0.4044313381684865,0.7805196461290649
319,320,0.4955975249951443,0.510821784993111,2.687894105911255,5.079785346984863,0.8677734209110727,0.4044313381684865,0.7805196461290649
320,321,0.48423371346300287,0.5305007399199574,2.68925142288208,5.205417633056641,0.8677734209110727,0.4044313381684865,0.7805196461290649
321,322,0.5064834768453862,0.5186182814903373,2.6885247230529785,5.096031188964844,0.8677734209110727,0.4044313381684865,0.7805196461290649
322,323,0.49223323868628666,0.5171129270941922,2.687157154083252,5.072444438934326,0.8677734209110727,0.4044313381684865,0.7805196461290649
323,324,0.4900674552892901,0.5304023269206937,2.6871702671051025,5.180057525634766,0.8677734209110727,0.4044313381684865,0.7805196461290649
324,325,0.5058106195836146,0.5149915802211741,2.6870908737182617,5.102002143859863,0.8677734209110727,0.4044313381684865,0.7805196461290649
325,326,0.48898225136652457,0.517029093798523,2.6861538887023926,5.1057891845703125,0.8677734209110727,0.4044313381684865,0.7805196461290649
326,327,0.4916736804136107,0.5288350087842714,2.6855647563934326,5.158636569976807,0.8677734209110727,0.4044313381684865,0.7805196461290649
327,328,0.504864919858307,0.5157205654009054,2.685664176940918,5.062691688537598,0.8677734209110727,0.4044313381684865,0.7805196461290649
328,329,0.48947783810113976,0.5210129978057546,2.685241222381592,5.101790428161621,0.8677734209110727,0.4044313381684865,0.7805196461290649
329,330,0.49607538467704393,0.526844879243605,2.6841843128204346,5.156742572784424,0.8677734209110727,0.4044313381684865,0.7805196461290649
330,331,0.503285670683771,0.5138470734889959,2.6843209266662598,5.074570655822754,0.8677734209110727,0.4044313381684865,0.7805196461290649
331,332,0.4879748923274233,0.5247599816295735,2.6842174530029297,5.130019187927246,0.8677734209110727,0.4044313381684865,0.7805196461290649
332,333,0.49985432987116285,0.526028415842306,2.683088541030884,5.1194281578063965,0.8677734209110727,0.4044313381684865,0.7805196461290649
333,334,0.5006374031563403,0.5172441444265438,2.6828203201293945,5.058703899383545,0.8677734209110727,0.4044313381684865,0.7805196461290649
334,335,0.4902979069745933,0.5273478790176196,2.6828222274780273,5.133243083953857,0.8677734209110727,0.4044313381684865,0.7805196461290649
335,336,0.5026351649232496,0.5220846060199597,2.6821060180664062,5.104328632354736,0.8677734209110727,0.4044313381684865,0.7805196461290649
336,337,0.49671972450618596,0.5188697813773446,2.681488275527954,5.079462051391602,0.8677734209110727,0.4044313381684865,0.7805196461290649
337,338,0.4933469600416817,0.528033125086567,2.6812515258789062,5.1294755935668945,0.8677734209110727,0.4044313381684865,0.7805196461290649
338,339,0.5038375215422227,0.5194711941506229,2.6811208724975586,5.067686557769775,0.8677734209110727,0.4044313381684865,0.7805196461290649
339,340,0.49377086782401197,0.5234769677132464,2.680595874786377,5.089529037475586,0.8677734209110727,0.4044313381684865,0.7805196461290649
340,341,0.4981178494464535,0.5269287125392741,2.679997682571411,5.115698337554932,0.8677734209110727,0.4044313381684865,0.7805196461290649
341,342,0.5017233778205282,0.5192269841154129,2.679753303527832,5.0719828605651855,0.8677734209110727,0.4044313381684865,0.7805196461290649
342,343,0.49299164824594666,0.5271364733154975,2.6794357299804688,5.115579128265381,0.8677734209110727,0.4044313381684865,0.7805196461290649
343,344,0.5022436282806608,0.5238305255254161,2.6789348125457764,5.084188938140869,0.8677734209110727,0.4044313381684865,0.7805196461290649
344,345,0.49842075082546405,0.5224272290544333,2.6783454418182373,5.068685531616211,0.8677734209110727,0.4044313381684865,0.7805196461290649
345,346,0.49641374016148576,0.5285652842677708,2.67800235748291,5.110147953033447,0.8677734209110727,0.4044313381684865,0.7805196461290649
346,347,0.5035492642502382,0.5214722584689854,2.6776950359344482,5.067723751068115,0.8677734209110727,0.4044313381684865,0.7805196461290649
347,348,0.49552353381859215,0.5267209517630507,2.677192449569702,5.089911460876465,0.8677734209110727,0.4044313381684865,0.7805196461290649
348,349,0.5019083557619087,0.5263601040990836,2.67663311958313,5.0829081535339355,0.8677734209110727,0.4044313381684865,0.7805196461290649
349,350,0.5016486159025536,0.5227224680522246,2.6761603355407715,5.06110143661499,0.8677734209110727,0.4044313381684865,0.7805196461290649
350,351,0.49726695091610323,0.5296624069632664,2.675837755203247,5.099681854248047,0.8677734209110727,0.4044313381684865,0.7805196461290649
351,352,0.5053111791418873,0.5225948956457716,2.6754403114318848,5.059146404266357,0.8677734209110727,0.4044313381684865,0.7805196461290649
352,353,0.4970634751805847,0.5289006174504473,2.6749532222747803,5.09488582611084,0.8677734209110727,0.4044313381684865,0.7805196461290649
353,354,0.5042167263220527,0.5254525175503182,2.6744155883789062,5.073382377624512,0.8677734209110727,0.4044313381684865,0.7805196461290649
354,355,0.4999730240502153,0.5266152489119896,2.6738791465759277,5.076143741607666,0.8677734209110727,0.4044313381684865,0.7805196461290649
355,356,0.5014089153201814,0.5281060236045401,2.6733901500701904,5.085321426391602,0.8677734209110727,0.4044313381684865,0.7805196461290649
356,357,0.5036694999121355,0.5231379896046713,2.6729624271392822,5.061955451965332,0.8677734209110727,0.4044313381684865,0.7805196461290649
357,358,0.49826814402382513,0.530292979143734,2.6725914478302,5.101889133453369,0.8677734209110727,0.4044313381684865,0.7805196461290649
358,359,0.5059532067467621,0.5213774903956202,2.6721882820129395,5.050411224365234,0.8677734209110727,0.4044313381684865,0.7805196461290649
359,360,0.49580331295493013,0.5313281380989524,2.671811103820801,5.103696823120117,0.8677734209110727,0.4044313381684865,0.7805196461290649
360,361,0.5074368839849182,0.5216362801344249,2.671323537826538,5.052214622497559,0.8677734209110727,0.4044313381684865,0.7805196461290649
361,362,0.4962495722385106,0.5301180227005985,2.670760154724121,5.090723514556885,0.8677734209110727,0.4044313381684865,0.7805196461290649
362,363,0.5058429907233563,0.5241294094491059,2.6701598167419434,5.057338237762451,0.8677734209110727,0.4044313381684865,0.7805196461290649
363,364,0.49896489426969165,0.5276285383118161,2.6695454120635986,5.0810747146606445,0.8677734209110727,0.4044313381684865,0.7805196461290649
364,365,0.5027777520863971,0.5269141328356794,2.6689839363098145,5.069051265716553,0.8677734209110727,0.4044313381684865,0.7805196461290649
365,366,0.5019407269016503,0.5259883216574207,2.668445348739624,5.062708854675293,0.8677734209110727,0.4044313381684865,0.7805196461290649
366,367,0.5006343201906506,0.5284887408238991,2.6679329872131348,5.082972049713135,0.8677734209110727,0.4044313381684865,0.7805196461290649
367,368,0.5032841292009261,0.5249859670352902,2.667468547821045,5.0573015213012695,0.8677734209110727,0.4044313381684865,0.7805196461290649
368,369,0.4988878201274498,0.5312807540622699,2.66696834564209,5.0888752937316895,0.8677734209110727,0.4044313381684865,0.7805196461290649
369,370,0.5057312332171056,0.5234222938247666,2.6664912700653076,5.051150321960449,0.8677734209110727,0.4044313381684865,0.7805196461290649
370,371,0.49666114815808216,0.5328808765317801,2.666062355041504,5.098196029663086,0.8677734209110727,0.4044313381684865,0.7805196461290649
371,372,0.5068688475565956,0.5218586206142429,2.6656267642974854,5.032560348510742,0.8677734209110727,0.4044313381684865,0.7805196461290649
372,373,0.49474046053341475,0.5355416724377994,2.665297269821167,5.114294052124023,0.8677734209110727,0.4044313381684865,0.7805196461290649
373,374,0.5103240813532987,0.5169671300582459,2.66508150100708,5.00943660736084,0.8677734209110727,0.4044313381684865,0.7805196461290649
374,375,0.4901907739168771,0.538887714412766,2.66506290435791,5.129352569580078,0.8677734209110727,0.4044313381684865,0.7805196461290649
375,376,0.5141261487900901,0.5137523054156309,2.6651241779327393,4.990679740905762,0.8677734209110727,0.4044313381684865,0.7805196461290649
376,377,0.486076556204006,0.5402071775880797,2.6650867462158203,5.149002552032471,0.8677734209110727,0.4044313381684865,0.7805196461290649
377,378,0.5156768805319966,0.5129868709769131,2.664836883544922,4.98126220703125,0.8677734209110727,0.4044313381684865,0.7805196461290649
378,379,0.48493971260593843,0.5390845404112934,2.6644887924194336,5.140443801879883,0.8677734209110727,0.4044313381684865,0.7805196461290649
379,380,0.5141415636185385,0.5160376739540885,2.663517713546753,5.002903461456299,0.8677734209110727,0.4044313381684865,0.7805196461290649
380,381,0.4889521924510502,0.5333692966022001,2.6621432304382324,5.105693340301514,0.8677734209110727,0.4044313381684865,0.7805196461290649
381,382,0.5083617736918206,0.5229885476428264,2.660773277282715,5.043013572692871,0.8677734209110727,0.4044313381684865,0.7805196461290649
382,383,0.49652858063342614,0.5264220678393609,2.659646511077881,5.058964729309082,0.8677734209110727,0.4044313381684865,0.7805196461290649
383,384,0.5001965390627168,0.529826428628706,2.658982276916504,5.077697277069092,0.8677734209110727,0.4044313381684865,0.7805196461290649
384,385,0.504001689465198,0.5204079401065776,2.6586248874664307,5.030351638793945,0.8677734209110727,0.4044313381684865,0.7805196461290649
385,386,0.4940545006674621,0.5332016300108618,2.6584625244140625,5.108496189117432,0.8677734209110727,0.4044313381684865,0.7805196461290649
386,387,0.5087101488147538,0.5161761811382375,2.6584367752075195,4.999423503875732,0.8677734209110727,0.4044313381684865,0.7805196461290649
387,388,0.4894385302885964,0.5367882370951399,2.658555507659912,5.129392147064209,0.8677734209110727,0.4044313381684865,0.7805196461290649
388,389,0.512818971337668,0.5127207913863111,2.658676862716675,4.981540203094482,0.8677734209110727,0.4044313381684865,0.7805196461290649
389,390,0.4856487947145636,0.538654439155252,2.658787250518799,5.143653869628906,0.8677734209110727,0.4044313381684865,0.7805196461290649
390,391,0.5150309992200097,0.5107926255859219,2.658662796020508,4.974255084991455,0.8677734209110727,0.4044313381684865,0.7805196461290649
391,392,0.484009427709079,0.5382498523805012,2.6584603786468506,5.137364864349365,0.8677734209110727,0.4044313381684865,0.7805196461290649
392,393,0.5146279014560847,0.5129358420143318,2.6576590538024902,4.98187780380249,0.8677734209110727,0.4044313381684865,0.7805196461290649
393,394,0.4866854419277168,0.5331323764187874,2.6566195487976074,5.107062816619873,0.8677734209110727,0.4044313381684865,0.7805196461290649
394,395,0.5094261675961809,0.517911165865998,2.655244827270508,5.009623050689697,0.8677734209110727,0.4044313381684865,0.7805196461290649
395,396,0.4934294293738805,0.5265860895048003,2.654073476791382,5.054689884185791,0.8677734209110727,0.4044313381684865,0.7805196461290649
396,397,0.5028848851441132,0.5240929601901193,2.653235912322998,5.04924201965332,0.8677734209110727,0.4044313381684865,0.7805196461290649
397,398,0.5003568532785798,0.519671665075049,2.6527271270751953,5.022348880767822,0.8677734209110727,0.4044313381684865,0.7805196461290649
398,399,0.49550657750729893,0.5294218418539551,2.6524884700775146,5.079446792602539,0.8677734209110727,0.4044313381684865,0.7805196461290649
399,400,0.5064688327583602,0.513508095380421,2.6526262760162354,4.99079704284668,0.8677734209110727,0.4044313381684865,0.7805196461290649
